index,Last Name,First Name,Department,Office,prox-id
1,Bramar,Mat,Administration,3100,mbramar001
2,Carrara,Lise,Administration,3420,lcarrara001
3,Celio,Nicolai,Administration,3430,ncelio001
4,Florez,Geneviere,Administration,3340,"gflorez002,gflorez003,gflorez004,gflorez005"
5,Forluniau,Carla,Administration,2175,cforluniau001
6,Frost,Jeanetts,Administration,1000,jfrost001
7,Holly,Jama,Administration,2410,jholly001
8,Klinger,Evangeline,Administration,3360,eklinger001
9,Lagos,Linda,Administration,3210,llagos001
10,Lais,Cornelia,Administration,3500,clais001
11,Mies Haber,Ruscella,Administration,2110,
12,Pantanal,Rachel,Administration,3140,rpantanal001
13,Pavone,Emma,Administration,3150,epavone001
14,Ribera,Anda,Administration,3110,aribera001
15,Seifert,Tifany,Administration,3515,tseifert001
16,Alinari,Marcella,Engineering,2370,
17,Azada,Lars,Engineering,2535,lazada001
18,Balas,Felix,Engineering,2530,fbalas001
19,Battles,Tamica,Engineering,2470,tbattles001
20,Borrasca,Isande,Engineering,2355,iborrasca001
21,Bueno,Penney,Engineering,2140,pbueno001
22,Calzas,Axel,Engineering,2430,acalzas001
23,Carrara,Tore,Engineering,2375,tcarrara001
24,Cassano,Mikael,Engineering,2630,mcassano001
25,Cazar,Gustav,Engineering,2620,gcazar001
26,Dedos,Lidelse,Engineering,2100,ldedos001
27,Finney,Yuko,Engineering,2460,yfinney001
28,Frente,Birgitta,Engineering,2525,bfrente001
29,Frente,Vira,Engineering,2380,vfrente001
30,Grogan,Latasha,Engineering,2135,lgrogan001
31,Hagan,Tawana,Engineering,2515,thagan001
32,Hatchett,Virgil,Engineering,2555,vhatchett001
33,Mata,Felipe,Engineering,2120,fmata001
34,Minto,Esperanza,Engineering,2520,eminto001
35,Nielson,Karole,Engineering,2550,knielson001
36,Nubarron,Adra,Engineering,2510,anubarron001
37,Omalla,Verla,Engineering,2130,vomalla001
38,Onda,Marin,Engineering,2400,monda001
39,Orilla,Kare,Engineering,2360,korilla001
40,Orilla,Elsa,Engineering,2420,eorilla001
41,Parrino,Silvio,Engineering,2125,sparrino001
42,Pinckney,Antonia,Engineering,2545,apinckney001
43,Quiroz,Twana,Engineering,2575,"tquiroz001,tquiroz002"
44,Reynoso,Walton,Engineering,2450,wreynoso001
45,Ridenour,Berry,Engineering,2540,bridenour001
46,Simonides,Jacobo,Engineering,2625,jsimonides001
47,Tempestad,Brand,Engineering,2505,btempestad001
48,Vico,Apostolis,Engineering,2440,avico001
49,Whaley,Clemencia,Engineering,2560,cwhaley001
50,Barranco,Ingrid,Executive,3120,ibarranco001
51,Blue,Hobert,Executive,3350,hblue001
52,Campo-Corrente,Ada,Executive,3130,
53,Edward,Earlean,Executive,3300,eedward001
54,Mintz,Emil,Executive,3220,emintz001
55,Orosco,Lenna,Executive,3320,lorosco001
56,Ovan,Bertrand,Executive,3370,bovan001
57,Sanjorge Jr.,Sten,Executive,3000,
58,Strum,Orhan,Executive,3200,ostrum001
59,Vasco-Pais,Willem,Executive,3160,
60,Arpa,Emile,Facilities,1070,earpa001
61,Awelon,Varro,Facilities,1070,vawelon001
62,Basham,Nerissa,Facilities,2230,nbasham001
63,Bennett,Loretta,Facilities,2345,lbennett001
64,Coginian,Dante,Facilities,2260,dcoginian001
65,Davies,Effie,Facilities,2655,edavies001
66,Gerard,Ariane,Facilities,1070,agerard001
67,Hafon,Albina,Facilities,2320,ahafon001
68,Hawelon,Benito,Facilities,2210,bhawelon001
69,Hawelon,Claudio,Facilities,2240,chawelon001
70,Kinney,Cari,Facilities,2220,ckinney001
71,Kirchner,Fairy,Facilities,2270,fkirchner001
72,Mies,Henk,Facilities,2250,hmies001
73,Morlun,Valeria,Facilities,2300,
74,Morlun,Adan,Facilities,2660,amorlun001
75,Morluniau,Cecilia,Facilities,2310,cmorluniau001
76,Mullen,Boyd,Facilities,2350,bmullen001
77,Nant,Irene,Facilities,1110,
78,Paredes,Raye,Facilities,1110,
79,Scozzese,Dylan,Facilities,1110,dscozzese001
80,Shipp,Caterina,Facilities,2340,cshipp001
81,Song,Thanh,Facilities,1070,tsong001
82,Staley,Chi,Facilities,1110,cstaley001
83,Young,Patrick,Facilities,3230,"pyoung001,pyoung002"
84,Adair,Faviola,HR,3450,fadair001
85,Beebe,Pamala,HR,3310,pbeebe001
86,Ratigan,Padraic,HR,3460,pratigan001
87,Alcazar,Lucas,Information Technology,2165,"lalcazar001,lalcazar002"
88,Arlotti,Ilario,Information Technology,2570,iarlotti001
89,Bagani,Luis,Information Technology,2580,lbagani001
90,Bagni,Sisto,Information Technology,2565,sbagni001
91,Baza,Isak,Information Technology,2145,ibaza001
92,Bello,Erminia,Information Technology,2610,ebello001
93,Bergen,Linnea,Information Technology,2200,lbergen001
94,Calixto,Nils,Information Technology,2155,ncalixto001
95,Coronado,Zena,Information Technology,2635,zcoronado001
96,Faraldo,Raphale,Information Technology,2650,
97,Flecha,Sven,Information Technology,2160,sflecha001
98,Florez,Sanna,Information Technology,2605,sflorez001
99,Lowery,Sharika,Information Technology,2615,slowery001
100,Ovan,Isaia,Information Technology,2590,iovan001
101,Sinagra,Spyro,Information Technology,2595,ssinagra001
102,Solos,Celestina,Information Technology,2585,csolos001
103,Unger,Jae,Information Technology,2640,"junger001,junger002"
104,Whelan,Cyrus,Information Technology,2600,cwhelan001
105,Bartley,Doretha,Security,2170,
106,Canada,Mi,Security,2170,
107,Castellanos,Janene,Security,2170,jcastellanos001
108,Cocinaro,Hideki,Security,2170,hcocinaro001
109,Fusil,Stenig,Security,1010,sfusil001
110,Herrero,Kanon,Security,2170,kherrero001
111,Holiday,Summer,Security,2170,
112,Kemp,Paulita,Security,2170,
113,Lagos,Varja,Security,1020,vlagos001
114,Lea,Sherell,Security,2170,slea001
115,Nardi,Adalberto,Security,2170,anardi001
116,Nespola,Jonas,Security,2170,jnespola001
117,Notaro,Mathias,Security,2170,
118,Pherigo,Alcide,Security,1100,
119,Resumir,Felix,Security,3410,fresumir001
120,Rhoads,Dong,Security,2170,
121,Salvay,Selma,Security,2170,
122,Shultz,Merna,Security,2170,mshultz001
123,Sowell,Xiomara,Security,2170,
124,Vann,Edvard,Security,1090,
125,Vollan,Mihalis,Security,2170,mvollan001